<Customization level="" description="VAR Package" product-version="22.208">
    <EntityEndpoint>
        <Endpoint xmlns:xsd="http://www.w3.org/2001/XMLSchema" xmlns:xsi="http://www.w3.org/2001/XMLSchema-instance" name="VAREXCHANGE" version="20.200.001" systemContractVersion="4" xmlns="http://www.acumatica.com/entity/maintenance/5.31">
            <TopLevelEntity name="GetPackageList" screen="SM204505">
                <Fields>
                    <Field name="CreatedBy" type="StringValue" />
                    <Field name="Description" type="StringValue" />
                    <Field name="LastModifiedOn" type="DateTimeValue" />
                    <Field name="Level" type="IntValue" />
                    <Field name="ProjectName" type="StringValue" />
                    <Field name="Published" type="BooleanValue" />
                    <Field name="ScreenNames" type="StringValue" />
                    <Field name="Selected" type="BooleanValue" />
                </Fields>
                <Mappings>
                    <Mapping field="CreatedBy">
                        <To object="Projects" field="CreatedByID_Creator_Username" />
                    </Mapping>
                    <Mapping field="Description">
                        <To object="Projects" field="Description" />
                    </Mapping>
                    <Mapping field="LastModifiedOn">
                        <To object="Projects" field="LastModifiedDateTime" />
                    </Mapping>
                    <Mapping field="Level">
                        <To object="Projects" field="Level" />
                    </Mapping>
                    <Mapping field="ProjectName">
                        <To object="Projects" field="Name" />
                    </Mapping>
                    <Mapping field="Published">
                        <To object="Projects" field="IsPublished" />
                    </Mapping>
                    <Mapping field="ScreenNames">
                        <To object="Projects" field="ScreenNames" />
                    </Mapping>
                    <Mapping field="Selected">
                        <To object="Projects" field="IsWorking" />
                    </Mapping>
                </Mappings>
            </TopLevelEntity>
            <TopLevelEntity name="GetTenantList" screen="SM203520">
                <Fields>
                    <Field name="LoginName" type="StringValue" />
                    <Field name="Status" type="StringValue" />
                    <Field name="TenantID" type="IntValue" />
                    <Field name="TenantName" type="StringValue" />
                </Fields>
                <Mappings>
                    <Mapping field="LoginName">
                        <To object="Companies" field="LoginName" />
                    </Mapping>
                    <Mapping field="Status">
                        <To object="Companies" field="Status" />
                    </Mapping>
                    <Mapping field="TenantID">
                        <To object="Companies" field="CompanyID" />
                    </Mapping>
                    <Mapping field="TenantName">
                        <To object="Companies" field="CompanyCD" />
                    </Mapping>
                </Mappings>
            </TopLevelEntity>
            <TopLevelEntity name="GetBuildVersion" screen="SM203510">
                <Fields>
                    <Field name="CurrentVersion" type="StringValue" />
                    <Field name="LastUpdateDate" type="DateTimeValue" />
                </Fields>
                <Mappings>
                    <Mapping field="CurrentVersion">
                        <To object="VersionRecord" field="CurrentVersion" />
                    </Mapping>
                    <Mapping field="LastUpdateDate">
                        <To object="VersionRecord" field="Date" />
                    </Mapping>
                </Mappings>
            </TopLevelEntity>
            <TopLevelEntity name="GetFinancialPeriod" screen="GL201000">
                <Fields>
                    <Field name="FinancialYear" type="StringValue" />
                    <Field name="FinDetails" type="FinDetails[]" />
                    <Field name="NumberofPeriods" type="ShortValue" />
                    <Field name="StartDate" type="DateTimeValue" />
                    <Field name="UserDefinedPeriods" type="BooleanValue" />
                </Fields>
                <Mappings>
                    <Mapping field="FinancialYear">
                        <To object="FiscalYear" field="Year" />
                    </Mapping>
                    <Mapping field="FinDetails">
                        <Mapping field="AdjustmentPeriod">
                            <To object="Periods" field="IsAdjustment" />
                        </Mapping>
                        <Mapping field="FinancialPeriodID">
                            <To object="Periods" field="FinPeriodID" />
                        </Mapping>
                        <Mapping field="LengthDays">
                            <To object="Periods" field="Length" />
                        </Mapping>
                        <Mapping field="StartDate">
                            <To object="Periods" field="StartDateUI" />
                        </Mapping>
                        <Mapping field="Status">
                            <To object="Periods" field="Status" />
                        </Mapping>
                        <Mapping field="ClosedinAP">
                            <To object="Periods" field="APClosed" />
                        </Mapping>
                        <Mapping field="ClosedinAR">
                            <To object="Periods" field="ARClosed" />
                        </Mapping>
                        <Mapping field="ClosedinCA">
                            <To object="Periods" field="CAClosed" />
                        </Mapping>
                        <Mapping field="ClosedinFA">
                            <To object="Periods" field="FAClosed" />
                        </Mapping>
                        <Mapping field="ClosedinGL">
                            <To object="Periods" field="Closed" />
                        </Mapping>
                        <Mapping field="ClosedinIN">
                            <To object="Periods" field="INClosed" />
                        </Mapping>
                        <Mapping field="Description">
                            <To object="Periods" field="Descr" />
                        </Mapping>
                        <Mapping field="EndDate">
                            <To object="Periods" field="EndDateUI" />
                        </Mapping>
                    </Mapping>
                    <Mapping field="NumberofPeriods">
                        <To object="FiscalYear" field="FinPeriods" />
                    </Mapping>
                    <Mapping field="StartDate">
                        <To object="FiscalYear" field="StartDate" />
                    </Mapping>
                    <Mapping field="UserDefinedPeriods">
                        <To object="FiscalYear" field="CustomPeriods" />
                    </Mapping>
                </Mappings>
            </TopLevelEntity>
            <Detail name="FinDetails">
                <Fields>
                    <Field name="AdjustmentPeriod" type="BooleanValue" />
                    <Field name="ClosedinAP" type="BooleanValue" />
                    <Field name="ClosedinAR" type="BooleanValue" />
                    <Field name="ClosedinCA" type="BooleanValue" />
                    <Field name="ClosedinFA" type="BooleanValue" />
                    <Field name="ClosedinGL" type="BooleanValue" />
                    <Field name="ClosedinIN" type="BooleanValue" />
                    <Field name="Description" type="StringValue" />
                    <Field name="EndDate" type="DateTimeValue" />
                    <Field name="FinancialPeriodID" type="StringValue" />
                    <Field name="LengthDays" type="IntValue" />
                    <Field name="StartDate" type="DateTimeValue" />
                    <Field name="Status" type="StringValue" />
                </Fields>
            </Detail>
            <TopLevelEntity name="GetLicenseDetails" screen="SM604000">
                <Fields>
                    <Field name="CommercialTransactionsofLimit" type="StringValue" />
                    <Field name="ERPTransactionsofLimit" type="StringValue" />
                    <Field name="LicenseStatus" type="StringValue" />
                    <Field name="LicenseTier" type="StringValue" />
                    <Field name="Month" type="StringValue" />
                </Fields>
                <Mappings>
                    <Mapping field="CommercialTransactionsofLimit">
                        <To object="LicenseStatisticMonthly" field="CommerceTransacCountPercFromLimit" />
                    </Mapping>
                    <Mapping field="ERPTransactionsofLimit">
                        <To object="LicenseStatisticMonthly" field="ERPTransacCountPercFromLimit" />
                    </Mapping>
                    <Mapping field="LicenseStatus">
                        <To object="MainInformationFilter" field="Status" />
                    </Mapping>
                    <Mapping field="LicenseTier">
                        <To object="MainInformationFilter" field="ResourceLevel" />
                    </Mapping>
                    <Mapping field="Month">
                        <To object="LicenseStatisticMonthly" field="MonthYearUserFriendly" />
                    </Mapping>
                </Mappings>
            </TopLevelEntity>
            <TopLevelEntity name="GetLicenseStatus" screen="SM201510">
                <Fields>
                    <Field name="NumberofProcessors" type="IntValue" />
                    <Field name="NumberofTenants" type="IntValue" />
                    <Field name="NumberofUsers" type="IntValue" />
                    <Field name="Preview" type="BooleanValue" />
                    <Field name="Status" type="StringValue" />
                    <Field name="Valid" type="BooleanValue" />
                    <Field name="ValidFrom" type="DateTimeValue" />
                    <Field name="ValidTo" type="DateTimeValue" />
                    <Field name="Version" type="StringValue" />
                </Fields>
                <Mappings>
                    <Mapping field="NumberofProcessors">
                        <To object="License" field="Processors" />
                    </Mapping>
                    <Mapping field="NumberofTenants">
                        <To object="License" field="Companies" />
                    </Mapping>
                    <Mapping field="NumberofUsers">
                        <To object="License" field="Users" />
                    </Mapping>
                    <Mapping field="Preview">
                        <To object="License" field="Preview" />
                    </Mapping>
                    <Mapping field="Status">
                        <To object="License" field="Status" />
                    </Mapping>
                    <Mapping field="Valid">
                        <To object="License" field="Valid" />
                    </Mapping>
                    <Mapping field="ValidFrom">
                        <To object="License" field="ValidFrom" />
                    </Mapping>
                    <Mapping field="ValidTo">
                        <To object="License" field="ValidTo" />
                    </Mapping>
                    <Mapping field="Version">
                        <To object="License" field="Version" />
                    </Mapping>
                </Mappings>
            </TopLevelEntity>
            <TopLevelEntity name="GetSystemEvents" screen="SM201530">
                <Fields>
                    <Field name="Event" type="StringValue" />
                    <Field name="Level" type="StringValue" />
                    <Field name="Message" type="StringValue" />
                    <Field name="ScreenID" type="StringValue" />
                    <Field name="Source" type="StringValue" />
                    <Field name="Tenant" type="StringValue" />
                    <Field name="Time" type="DateTimeValue" />
                    <Field name="User" type="StringValue" />
                </Fields>
                <Mappings>
                    <Mapping field="Level">
                        <To object="SystemEvents" field="Level" />
                    </Mapping>
                    <Mapping field="Source">
                        <To object="SystemEvents" field="Source" />
                    </Mapping>
                    <Mapping field="Event">
                        <To object="SystemEvents" field="EventID" />
                    </Mapping>
                    <Mapping field="ScreenID">
                        <To object="SystemEvents" field="ScreenId" />
                    </Mapping>
                    <Mapping field="Time">
                        <To object="SystemEvents" field="Date" />
                    </Mapping>
                    <Mapping field="Tenant">
                        <To object="SystemEvents" field="TenantName" />
                    </Mapping>
                    <Mapping field="User">
                        <To object="SystemEvents" field="User" />
                    </Mapping>
                    <Mapping field="Message">
                        <To object="SystemEvents" field="Details" />
                    </Mapping>
                </Mappings>
            </TopLevelEntity>
        </Endpoint>
    </EntityEndpoint>
</Customization>